Hidden Sizes,Learning Rate,L2 Lambda,Momentum,Train Loss,Validation Loss,Test Loss
"[60, 60]",0.0001,1e-05,0.5,4.232343±0.167411,4.347847±1.003974,4.989317
"[60, 60]",0.0001,1e-05,0.9,0.902536±0.041518,1.050750±0.246800,1.009859
"[60, 60]",0.0001,1e-05,0.99,0.253345±0.013049,0.338431±0.054949,0.350191
"[60, 60]",0.0001,6e-05,0.5,4.235412±0.167412,4.350915±1.003973,4.992387
"[60, 60]",0.0001,6e-05,0.9,0.905675±0.041516,1.053891±0.246808,1.012991
"[60, 60]",0.0001,6e-05,0.99,0.256655±0.013048,0.341860±0.055097,0.353590
"[60, 60]",0.0001,0.0001,0.5,4.237867±0.167412,4.353370±1.003974,4.994842
"[60, 60]",0.0001,0.0001,0.9,0.908185±0.041514,1.056402±0.246808,1.015505
"[60, 60]",0.0001,0.0001,0.99,0.259309±0.013057,0.344379±0.054916,0.356251
"[60, 60]",0.0006,1e-05,0.5,0.959161±0.046242,1.112763±0.275497,1.076191
"[60, 60]",0.0006,1e-05,0.9,0.276506±0.013374,0.361127±0.065492,0.354022
"[60, 60]",0.0006,1e-05,0.99,0.188758±0.009918,0.318083±0.057328,0.335018
"[60, 60]",0.0006,6e-05,0.5,0.962301±0.046239,1.115906±0.275501,1.079333
"[60, 60]",0.0006,6e-05,0.9,0.279713±0.013374,0.364323±0.065474,0.357220
"[60, 60]",0.0006,6e-05,0.99,0.193629±0.009888,0.322931±0.057391,0.340041
"[60, 60]",0.0006,0.0001,0.5,0.964813±0.046237,1.118418±0.275503,1.081847
"[60, 60]",0.0006,0.0001,0.9,0.282284±0.013369,0.366890±0.065480,0.359756
"[60, 60]",0.0006,0.0001,0.99,0.196841±0.009776,0.326003±0.057244,0.344543
"[60, 60]",0.001,1e-05,0.5,0.583814±0.023254,0.692328±0.078787,0.654385
"[60, 60]",0.001,1e-05,0.9,0.233708±0.012001,0.320200±0.059381,0.317854
"[60, 60]",0.001,1e-05,0.99,0.189499±0.011223,0.321975±0.048470,0.348928
"[60, 60]",0.001,6e-05,0.5,0.586975±0.023252,0.695492±0.078786,0.657548
"[60, 60]",0.001,6e-05,0.9,0.236945±0.011998,0.323417±0.059458,0.321117
"[60, 60]",0.001,6e-05,0.99,0.195755±0.011215,0.327114±0.049615,0.347894
"[60, 60]",0.001,0.0001,0.5,0.589504±0.023251,0.698019±0.078787,0.660077
"[60, 60]",0.001,0.0001,0.9,0.239520±0.012002,0.326129±0.059378,0.323736
"[60, 60]",0.001,0.0001,0.99,0.200865±0.011115,0.331427±0.050643,0.352931
"[60, 60]",0.005,1e-05,0.5,0.244823±0.012075,0.330352±0.059623,0.330967
"[60, 60]",0.005,1e-05,0.9,0.188115±0.012010,0.305803±0.051784,0.326224
"[60, 60]",0.005,1e-05,0.99,0.190793±0.005210,0.365892±0.074399,0.347177
"[60, 60]",0.005,6e-05,0.5,0.248054±0.012082,0.333598±0.059574,0.334192
"[60, 60]",0.005,6e-05,0.9,0.191545±0.011968,0.309520±0.052230,0.333210
"[60, 60]",0.005,6e-05,0.99,0.232406±0.021104,0.427499±0.084014,0.372274
"[60, 60]",0.005,0.0001,0.5,0.250643±0.012076,0.336094±0.059566,0.336812
"[60, 60]",0.005,0.0001,0.9,0.194120±0.011962,0.311986±0.052403,0.336038
"[60, 60]",0.005,0.0001,0.99,0.244180±0.014609,0.439056±0.084017,0.396746
"[80, 80]",0.0001,1e-05,0.5,3.928732±0.119331,4.051875±0.804459,4.608660
"[80, 80]",0.0001,1e-05,0.9,0.877041±0.035336,1.015374±0.062757,1.180141
"[80, 80]",0.0001,1e-05,0.99,0.246500±0.013751,0.351842±0.048847,0.378254
"[80, 80]",0.0001,6e-05,0.5,3.932806±0.119332,4.055949±0.804459,4.612734
"[80, 80]",0.0001,6e-05,0.9,0.881184±0.035335,1.019518±0.062759,1.184282
"[80, 80]",0.0001,6e-05,0.99,0.250817±0.013677,0.355693±0.048380,0.382617
"[80, 80]",0.0001,0.0001,0.5,3.936065±0.119333,4.059208±0.804459,4.615993
"[80, 80]",0.0001,0.0001,0.9,0.884496±0.035334,1.022825±0.062758,1.187587
"[80, 80]",0.0001,0.0001,0.99,0.254215±0.013686,0.358988±0.048446,0.386063
"[80, 80]",0.0006,1e-05,0.5,0.901071±0.044743,1.039609±0.079955,1.192608
"[80, 80]",0.0006,1e-05,0.9,0.275607±0.014158,0.374427±0.061546,0.403235
"[80, 80]",0.0006,1e-05,0.99,0.186179±0.006955,0.323591±0.040630,0.342448
"[80, 80]",0.0006,6e-05,0.5,0.905215±0.044740,1.043753±0.079957,1.196748
"[80, 80]",0.0006,6e-05,0.9,0.279811±0.014154,0.378644±0.061557,0.407464
"[80, 80]",0.0006,6e-05,0.99,0.191428±0.007121,0.328315±0.041148,0.347120
"[80, 80]",0.0006,0.0001,0.5,0.908529±0.044738,1.047065±0.079960,1.200052
"[80, 80]",0.0006,0.0001,0.9,0.283170±0.014149,0.382004±0.061585,0.410845
"[80, 80]",0.0006,0.0001,0.99,0.195713±0.007103,0.332361±0.041017,0.352332
"[80, 80]",0.001,1e-05,0.5,0.573109±0.023295,0.684450±0.071670,0.839820
"[80, 80]",0.001,1e-05,0.9,0.235933±0.013033,0.333196±0.054493,0.356756
"[80, 80]",0.001,1e-05,0.99,0.176494±0.007818,0.332747±0.047279,0.326066
"[80, 80]",0.001,6e-05,0.5,0.577274±0.023293,0.688616±0.071671,0.843981
"[80, 80]",0.001,6e-05,0.9,0.240223±0.013056,0.337350±0.054506,0.360931
"[80, 80]",0.001,6e-05,0.99,0.183242±0.008029,0.338772±0.047111,0.333646
"[80, 80]",0.001,0.0001,0.5,0.580610±0.023293,0.691950±0.071671,0.847341
"[80, 80]",0.001,0.0001,0.9,0.243603±0.013059,0.340719±0.054453,0.364392
"[80, 80]",0.001,0.0001,0.99,0.188220±0.007703,0.345664±0.046271,0.338753
"[80, 80]",0.005,1e-05,0.5,0.244428±0.011813,0.340834±0.056266,0.368811
"[80, 80]",0.005,1e-05,0.9,0.172780±0.007967,0.328713±0.053542,0.309429
"[80, 80]",0.005,1e-05,0.99,0.297220±0.101451,0.507972±0.140757,0.357796
"[80, 80]",0.005,6e-05,0.5,0.248648±0.011815,0.344957±0.056294,0.373094
"[80, 80]",0.005,6e-05,0.9,0.177197±0.007937,0.333771±0.053478,0.313557
"[80, 80]",0.005,6e-05,0.99,0.327653±0.139844,0.538634±0.166277,0.347283
"[80, 80]",0.005,0.0001,0.5,0.252031±0.011818,0.348394±0.056282,0.376503
"[80, 80]",0.005,0.0001,0.9,0.180508±0.007825,0.336922±0.053027,0.317744
"[80, 80]",0.005,0.0001,0.99,0.295518±0.114342,0.471026±0.114661,0.391774
"[100, 100]",0.0001,1e-05,0.5,3.533240±0.090274,3.672368±0.775775,4.301241
"[100, 100]",0.0001,1e-05,0.9,0.583953±0.020582,0.686281±0.089276,0.751835
"[100, 100]",0.0001,1e-05,0.99,0.224126±0.012164,0.317630±0.058309,0.326032
"[100, 100]",0.0001,6e-05,0.5,3.538297±0.090275,3.677424±0.775775,4.306299
"[100, 100]",0.0001,6e-05,0.9,0.589069±0.020582,0.691398±0.089280,0.756950
"[100, 100]",0.0001,6e-05,0.99,0.229283±0.012124,0.322896±0.058261,0.331298
"[100, 100]",0.0001,0.0001,0.5,3.542342±0.090275,3.681470±0.775775,4.310345
"[100, 100]",0.0001,0.0001,0.9,0.593162±0.020581,0.695493±0.089279,0.761045
"[100, 100]",0.0001,0.0001,0.99,0.233434±0.012122,0.327053±0.058313,0.335385
"[100, 100]",0.0006,1e-05,0.5,0.560727±0.014189,0.660395±0.098017,0.702022
"[100, 100]",0.0006,1e-05,0.9,0.257246±0.011886,0.342477±0.052193,0.351787
"[100, 100]",0.0006,1e-05,0.99,0.174888±0.010266,0.325877±0.052720,0.337588
"[100, 100]",0.0006,6e-05,0.5,0.565848±0.014189,0.665516±0.098018,0.707144
"[100, 100]",0.0006,6e-05,0.9,0.262402±0.011891,0.347611±0.052162,0.356946
"[100, 100]",0.0006,6e-05,0.99,0.181151±0.010466,0.331640±0.052777,0.343367
"[100, 100]",0.0006,0.0001,0.5,0.569944±0.014189,0.669615±0.098017,0.711241
"[100, 100]",0.0006,0.0001,0.9,0.266535±0.011891,0.351744±0.052226,0.361084
"[100, 100]",0.0006,0.0001,0.99,0.186102±0.010246,0.337188±0.053005,0.348634
"[100, 100]",0.001,1e-05,0.5,0.415660±0.010384,0.499851±0.072723,0.528220
"[100, 100]",0.001,1e-05,0.9,0.226682±0.011173,0.324424±0.054952,0.327206
"[100, 100]",0.001,1e-05,0.99,0.168432±0.008593,0.341837±0.067844,0.336964
"[100, 100]",0.001,6e-05,0.5,0.420794±0.010385,0.504985±0.072722,0.533356
"[100, 100]",0.001,6e-05,0.9,0.231853±0.011170,0.329609±0.054957,0.332397
"[100, 100]",0.001,6e-05,0.99,0.174921±0.008323,0.346841±0.067667,0.342897
"[100, 100]",0.001,0.0001,0.5,0.424902±0.010384,0.509095±0.072724,0.537466
"[100, 100]",0.001,0.0001,0.9,0.235986±0.011165,0.333741±0.054989,0.336466
"[100, 100]",0.001,0.0001,0.99,0.180898±0.008336,0.353168±0.067513,0.347393
"[100, 100]",0.005,1e-05,0.5,0.236730±0.011397,0.324167±0.049936,0.334856
"[100, 100]",0.005,1e-05,0.9,0.179863±0.010143,0.321902±0.063281,0.317566
"[100, 100]",0.005,1e-05,0.99,0.189613±0.042281,0.399037±0.074278,0.318836
"[100, 100]",0.005,6e-05,0.5,0.241906±0.011395,0.329322±0.049952,0.340034
"[100, 100]",0.005,6e-05,0.9,0.185064±0.010227,0.327213±0.063239,0.323002
"[100, 100]",0.005,6e-05,0.99,0.199736±0.034393,0.432059±0.095841,0.346222
"[100, 100]",0.005,0.0001,0.5,0.246048±0.011401,0.333503±0.049958,0.344161
"[100, 100]",0.005,0.0001,0.9,0.189119±0.010096,0.331480±0.062934,0.327131
"[100, 100]",0.005,0.0001,0.99,0.215361±0.036057,0.408721±0.057836,0.371824
"[120, 120]",0.0001,1e-05,0.5,3.393267±0.089542,3.519683±0.776201,4.254010
"[120, 120]",0.0001,1e-05,0.9,0.619987±0.025529,0.728707±0.068567,0.877565
"[120, 120]",0.0001,1e-05,0.99,0.220318±0.013522,0.316257±0.053642,0.350470
"[120, 120]",0.0001,6e-05,0.5,3.399323±0.089543,3.525740±0.776201,4.260066
"[120, 120]",0.0001,6e-05,0.9,0.626107±0.025529,0.734826±0.068566,0.883684
"[120, 120]",0.0001,6e-05,0.99,0.226462±0.013526,0.322322±0.053629,0.356676
"[120, 120]",0.0001,0.0001,0.5,3.404168±0.089544,3.530584±0.776201,4.264912
"[120, 120]",0.0001,0.0001,0.9,0.631002±0.025528,0.739722±0.068566,0.888580
"[120, 120]",0.0001,0.0001,0.99,0.231383±0.013526,0.327304±0.053570,0.361541
"[120, 120]",0.0006,1e-05,0.5,0.636607±0.024872,0.744721±0.064671,0.898307
"[120, 120]",0.0006,1e-05,0.9,0.245469±0.014041,0.333906±0.062501,0.371892
"[120, 120]",0.0006,1e-05,0.99,0.173216±0.008788,0.321299±0.054248,0.333369
"[120, 120]",0.0006,6e-05,0.5,0.642755±0.024883,0.750862±0.064685,0.904429
"[120, 120]",0.0006,6e-05,0.9,0.251628±0.014042,0.340055±0.062501,0.378064
"[120, 120]",0.0006,6e-05,0.99,0.180341±0.008818,0.329052±0.053013,0.340415
"[120, 120]",0.0006,0.0001,0.5,0.647652±0.024883,0.755759±0.064686,0.909326
"[120, 120]",0.0006,0.0001,0.9,0.256518±0.014034,0.344901±0.062471,0.382986
"[120, 120]",0.0006,0.0001,0.99,0.185987±0.008830,0.334612±0.053382,0.346073
"[120, 120]",0.001,1e-05,0.5,0.424354±0.016773,0.517734±0.065568,0.626025
"[120, 120]",0.001,1e-05,0.9,0.218078±0.013533,0.314658±0.063257,0.343914
"[120, 120]",0.001,1e-05,0.99,0.161657±0.008879,0.335892±0.058408,0.329751
"[120, 120]",0.001,6e-05,0.5,0.430492±0.016773,0.523873±0.065567,0.632166
"[120, 120]",0.001,6e-05,0.9,0.224236±0.013538,0.320775±0.063271,0.350060
"[120, 120]",0.001,6e-05,0.99,0.169678±0.008555,0.343028±0.057090,0.336630
"[120, 120]",0.001,0.0001,0.5,0.435245±0.016572,0.528635±0.065809,0.637080
"[120, 120]",0.001,0.0001,0.9,0.229196±0.013527,0.325756±0.063303,0.355000
"[120, 120]",0.001,0.0001,0.99,0.175975±0.008264,0.349164±0.057143,0.344481
"[120, 120]",0.005,1e-05,0.5,0.231042±0.015337,0.320290±0.057823,0.354926
"[120, 120]",0.005,1e-05,0.9,0.176581±0.012389,0.321118±0.059993,0.313022
"[120, 120]",0.005,1e-05,0.99,0.178382±0.060784,0.484526±0.140911,0.472472
"[120, 120]",0.005,6e-05,0.5,0.237224±0.015338,0.326445±0.057843,0.361120
"[120, 120]",0.005,6e-05,0.9,0.182807±0.012549,0.327318±0.059986,0.319082
"[120, 120]",0.005,6e-05,0.99,0.191236±0.046572,0.441496±0.071203,0.345011
"[120, 120]",0.005,0.0001,0.5,0.242130±0.015367,0.331160±0.057630,0.365356
"[120, 120]",0.005,0.0001,0.9,0.187830±0.012152,0.332021±0.060817,0.325337
"[120, 120]",0.005,0.0001,0.99,0.273587±0.138659,0.568174±0.238535,0.682449
